# name	size	ref	mode
sc_josin_dream	1536x1024	design/ref/ref_others.png	scene
sc_josin_wake	1536x1024	design/ref/ref_others.png	scene
sc_cell	1536x1024	design/ref/ref_seongjin_yang.png	scene
sc_exile	1536x1024	assets/raw/refpack_exile.png	scene
sc_hell	1536x1024	assets/raw/refpack_hell.png	scene
sc_rebirth	1536x1024	assets/raw/style_c_ref.png	style
sc_huayin	1536x1024	assets/raw/refpack_huayin.png	scene
sc_namjeon	1536x1024	assets/raw/refpack_namjeon.png	scene
sc_tianjin	1536x1024	assets/raw/refpack_tianjin.png	scene
sc_chunun	1536x1024	assets/raw/refpack_chunun.png	scene
sc_hebei	1536x1024	assets/raw/refpack_hebei.png	scene
sc_handan	1536x1024	assets/raw/refpack_handan.png	scene
sc_tungso	1536x1024	assets/raw/refpack_tungso.png	scene
sc_bongnae	1536x1024	assets/raw/refpack_bongnae.png	scene
sc_wonsu	1536x1024	assets/raw/refpack_wonsu.png	scene
sc_yoyeon	1536x1024	assets/raw/refpack_yoyeon.png	scene
sc_neungpa	1536x1024	assets/raw/refpack_neungpa.png	scene
sc_seungsang	1536x1024	assets/raw/refpack_seungsang.png	scene
sc_honrye	1536x1024	assets/raw/refpack_honrye.png	scene
sc_c3_monk	1536x1024	assets/raw/refpack_c3_monk.png	scene
sc_c3_awake	1536x1024	assets/raw/sc_cell.png	same
sc_c4_journal	1536x1024	assets/raw/refpack_c4_journal.png	scene
sc_c5_dialogue	1536x1024	assets/raw/refpack_c5_dialogue.png	scene
sc_c5_ordination	1536x1024	assets/raw/refpack_c5_ordination.png	scene
pt_seongjin_sheet	1536x1024	design/ref/ref_seongjin_yang.png	same
pt_yuk_sheet	1536x1024	design/ref/ref_masters.png	same
pt_hoseung_sheet	1536x1024	design/ref/ref_masters.png	same
pt_josin_sheet	1536x1024	design/ref/ref_others.png	same
pt_dosa_sheet	1536x1024	design/ref/ref_masters.png	same
pt_yeomra_sheet	1536x1024	design/ref/ref_masters.png	same
pt_jeong13_sheet	1536x1024	design/ref/ref_others.png	same
pt_chae_sheet	1536x1024	design/ref/ref_women_1.png	cast
pt_seomwol_sheet	1536x1024	design/ref/ref_women_1.png	cast
pt_chunun_sheet	1536x1024	design/ref/ref_women_1.png	cast
pt_gyeonghong_sheet	1536x1024	design/ref/ref_women_2.png	cast
pt_nanyang_sheet	1536x1024	design/ref/ref_women_2.png	cast
pt_yoyeon_sheet	1536x1024	design/ref/ref_women_2.png	cast
pt_neungpa_sheet	1536x1024	design/ref/ref_women_2.png	cast
pt_fairies_a_sheet	1536x1024	design/ref/ref_fairies.png	cast
pt_fairies_b_sheet	1536x1024	design/ref/ref_fairies.png	cast
horse_walk_gwan	1536x1024	design/ref/ref_piece.png	char
horse_walk_jang	1536x1024	design/ref/ref_piece.png	char
horse_walk_sang	1536x1024	design/ref/ref_piece.png	char
house_byeoldang	1536x1024	design/ref/ref_seongjin_yang.png	style
house_seungsang	1536x1024	design/ref/ref_seongjin_yang.png	style
house_chwimi	1536x1024	design/ref/ref_seongjin_yang.png	style
items_sheet	1536x1024	assets/raw/style_c_ref.png	style
tiles_sheet	1536x1024	assets/raw/style_c_ref.png	style
ui_frames_sheet	1536x1024	assets/raw/style_c_ref.png	style
ui_panels_sheet	1536x1024	assets/raw/style_c_ref.png	style
ui_small_sheet	1536x1024	assets/raw/style_c_ref.png	style
title_art	1024x1536	design/ref/ref_seongjin_yang.png	scene
icon_art	1024x1024	assets/raw/style_c_ref.png	style
cloud_wipe	1536x1024	assets/raw/style_c_ref.png	style
